{
  "step": 2,
  "changes": [
    "Volume 1.5x \u2192 1.2x",
    "SMA20 \u2192 EMA20"
  ],
  "results": [
    {
      "period": "Q1 2024",
      "return": -1.8690168999999879,
      "win_rate": 30.0,
      "profit_factor": 0.6244393265416079,
      "trades": 10,
      "avg_win": 1035.8625000000013,
      "avg_loss": -710.943485714286
    },
    {
      "period": "Q2 2024",
      "return": -1.3586784399999743,
      "win_rate": 62.5,
      "profit_factor": 0.677028163153689,
      "trades": 8,
      "avg_win": 569.6246319999996,
      "avg_loss": -1402.267199999999
    },
    {
      "period": "Q2 2025",
      "return": 1.986302800000005,
      "win_rate": 55.55555555555556,
      "profit_factor": 1.6960832537246726,
      "trades": 9,
      "avg_win": 967.9689600000004,
      "avg_loss": -713.3854999999988
    },
    {
      "period": "Q3 2025",
      "return": 3.4590699999999925,
      "win_rate": 57.14285714285714,
      "profit_factor": 1.8639165422059247,
      "trades": 14,
      "avg_win": 932.8762499999998,
      "avg_loss": -667.3233333333341
    }
  ],
  "avg_baseline": -0.9100000000000001,
  "avg_step1": 0.425,
  "avg_step2": 0.5544193650000089,
  "improvement_from_baseline": 1.464419365000009,
  "improvement_from_step1": 0.1294193650000089
}