{
  "step": 1,
  "change": "Volume 1.5x \u2192 1.2x",
  "results": [
    {
      "period": "Q1 2024",
      "return": 0.5278383000000031,
      "win_rate": 44.44444444444444,
      "profit_factor": 1.1617231326837423,
      "trades": 9,
      "avg_win": 947.9193750000012,
      "avg_loss": -652.767840000001
    },
    {
      "period": "Q2 2024",
      "return": -4.1095531599999955,
      "win_rate": 50.0,
      "profit_factor": 0.37832584036188893,
      "trades": 8,
      "avg_win": 625.2271099999991,
      "avg_loss": -1652.6153999999997
    },
    {
      "period": "Q2 2025",
      "return": 1.986302800000005,
      "win_rate": 55.55555555555556,
      "profit_factor": 1.6960832537246726,
      "trades": 9,
      "avg_win": 967.9689600000004,
      "avg_loss": -713.3854999999988
    },
    {
      "period": "Q3 2025",
      "return": 3.2915499999999738,
      "win_rate": 50.0,
      "profit_factor": 1.748008144677095,
      "trades": 14,
      "avg_win": 1098.8528571428562,
      "avg_loss": -628.6314285714295
    }
  ],
  "avg_before": -0.9100000000000001,
  "avg_after": 0.4240344849999966,
  "improvement": 1.3340344849999968
}