{
  "test_date": "2025-08-06",
  "results": [
    {
      "name": "3% Stop, 6% Target (2:1 R/R)",
      "stop_loss_pct": 3.0,
      "profit_target_pct": 6.0,
      "total_trades": 4,
      "win_rate": 50.0,
      "total_return": -1190.410599999999,
      "total_return_pct": -1.190410599999999,
      "avg_win": 28.594500000000025,
      "avg_loss": -623.7997999999995,
      "winners": 2,
      "losers": 2
    },
    {
      "name": "3% Stop, 9% Target (3:1 R/R)",
      "stop_loss_pct": 3.0,
      "profit_target_pct": 9.0,
      "total_trades": 4,
      "win_rate": 50.0,
      "total_return": -1190.410599999999,
      "total_return_pct": -1.190410599999999,
      "avg_win": 28.594500000000025,
      "avg_loss": -623.7997999999995,
      "winners": 2,
      "losers": 2
    },
    {
      "name": "4% Stop, 8% Target (2:1 R/R)",
      "stop_loss_pct": 4.0,
      "profit_target_pct": 8.0,
      "total_trades": 4,
      "win_rate": 50.0,
      "total_return": -1439.2327999999986,
      "total_return_pct": -1.4392327999999985,
      "avg_win": 28.564800000000023,
      "avg_loss": -748.1811999999993,
      "winners": 2,
      "losers": 2
    },
    {
      "name": "2% Stop, 4% Target (2:1 R/R)",
      "stop_loss_pct": 2.0,
      "profit_target_pct": 4.0,
      "total_trades": 6,
      "win_rate": 33.33333333333333,
      "total_return": -1468.2524760000008,
      "total_return_pct": -1.4682524760000009,
      "avg_win": 32.42085000000003,
      "avg_loss": -383.2735440000002,
      "winners": 2,
      "losers": 4
    }
  ]
}