{
  "test_type": "bear_market_2022",
  "results": [
    {
      "period": "Q1 2022",
      "return": 0.0,
      "spy_return": -4.9,
      "outperformance": 4.9,
      "win_rate": 0,
      "profit_factor": 0,
      "trades": 0,
      "max_drawdown": 0,
      "avg_win": 0,
      "avg_loss": 0
    },
    {
      "period": "Q2 2022",
      "return": 0.7381567999999971,
      "spy_return": -16.1,
      "outperformance": 16.8381568,
      "win_rate": 50.0,
      "profit_factor": 1.153138489610122,
      "trades": 4,
      "max_drawdown": 2.489083200000008,
      "avg_win": 2779.173999999999,
      "avg_loss": -2410.0955999999987
    },
    {
      "period": "Q3 2022",
      "return": -0.4360188000000053,
      "spy_return": -4.9,
      "outperformance": 4.463981199999995,
      "win_rate": 66.66666666666666,
      "profit_factor": 0.6270757981944374,
      "trades": 3,
      "max_drawdown": 1.883331697357965,
      "avg_win": 366.58499999999805,
      "avg_loss": -1169.1887999999994
    },
    {
      "period": "Q4 2022",
      "return": -1.4685956000000004,
      "spy_return": 7.1,
      "outperformance": -8.5685956,
      "win_rate": 33.33333333333333,
      "profit_factor": 0.2222556919127696,
      "trades": 3,
      "max_drawdown": 3.075850009630314,
      "avg_win": 419.6799999999997,
      "avg_loss": -944.1377999999991
    }
  ],
  "total_strategy_return": -1.1664576000000086,
  "total_spy_return": -18.799999999999997,
  "year_strategy_return": -1.1740660210104559,
  "year_spy_return": -18.733329783100004,
  "outperformance": 17.559263762089547,
  "total_trades": 10
}